customer_id,customer_name,customer_email
alanrocks,Alan Plan,palan@jmail.com
maryskates,Mary Cary,mcary@coldmail.com
johniscool,John Don,jdon@inlook.com
molly123,Molly Polly,mpolly@yeahoo.com
sam2000,Sam Pam,spam@aok.com
